{
    "intrinsic_matrix": [
        [
            733.1279536373698,
            0.0,
            324.9483141259319
        ],
        [
            0.0,
            784.9440046856278,
            238.2080761479991
        ],
        [
            0.0,
            0.0,
            1.0
        ]
    ],
    "distortion_coef": [
        [
            0.42322225225468674,
            -2.0102581164921616,
            -0.03628004219360038,
            0.046318599316337285,
            4.900272543545054
        ]
    ],
    "rms_error": 0.2908757043126607,
    "image_size": {
        "width": 640,
        "height": 480
    },
    "valid_images": 13,
    "square_size": 23.9
}