{
    "intrinsic_matrix": [
        [
            694.9434369369493,
            0.0,
            320.35363655715514
        ],
        [
            0.0,
            1015.5861838860383,
            244.2866443234235
        ],
        [
            0.0,
            0.0,
            1.0
        ]
    ],
    "distortion_coef": [
        [
            0.1437784478835889,
            0.1179316021295999,
            -0.01884683085519355,
            0.0410981157585425,
            -4.339725993345078
        ]
    ],
    "rms_error": 0.21991524686855096,
    "image_size": {
        "width": 640,
        "height": 480
    },
    "valid_images": 15,
    "square_size": 23.9
}