{
    "intrinsic_matrix": [
        [
            702.1446753991746,
            0.0,
            323.5876569145858
        ],
        [
            0.0,
            678.3315769555129,
            247.311341679168
        ],
        [
            0.0,
            0.0,
            1.0
        ]
    ],
    "distortion_coef": [
        [
            -0.1027496761661599,
            0.49269384813936995,
            0.03396877837912453,
            0.022617065698794753,
            -2.1458413785970296
        ]
    ],
    "rms_error": 0.24057312525107344,
    "image_size": {
        "width": 640,
        "height": 480
    },
    "valid_images": 15,
    "square_size": 23.9
}