{"intrinsic_matrix": [[454.4203347432023, 0.0, 338.8663621681115], [0.0, 460.9250059852654, 187.80132082335444], [0.0, 0.0, 1.0]], "distortion_coef": [[-0.10111945242124788, 0.3510413369630803, -0.007654493587241467, 0.04981372401067409, -0.38068864740978053]]}