{"intrinsic_matrix": [[380.7085441674282, 0.0, 334.0793257882143], [0.0, 383.54901739239807, 281.73999692210305], [0.0, 0.0, 1.0]], "distortion_coef": [[-0.027024714100149474, 0.9245527579178231, 0.024217036416133292, 0.06420880772010402, -0.7189639856526641]]}