{"intrinsic_matrix": [[434.6546414373379, 0.0, 274.9393033009832], [0.0, 506.39929367483063, 274.96505011626243], [0.0, 0.0, 1.0]], "distortion_coef": [[0.23823905394003145, -0.45192413910869084, -0.004707080109373073, 0.06781418995050635, 1.5956021408584433]]}