{
    "intrinsic_matrix": [
        [
            714.7580865275773,
            0.0,
            310.6453068013079
        ],
        [
            0.0,
            714.6085665655468,
            244.03350705419163
        ],
        [
            0.0,
            0.0,
            1.0
        ]
    ],
    "distortion_coef": [
        [
            0.10089221602712042,
            -0.5110472475400747,
            0.005537991872656937,
            0.0037947485150189794,
            1.117583870561034
        ]
    ],
    "rms_error": 0.23755077768618874,
    "image_size": {
        "width": 640,
        "height": 480
    },
    "valid_images": 36,
    "square_size": 23.9
}