{
    "intrinsic_matrix": [
        [
            678.6301192053653,
            0.0,
            264.02275749433295
        ],
        [
            0.0,
            790.0185309650885,
            240.72952739757704
        ],
        [
            0.0,
            0.0,
            1.0
        ]
    ],
    "distortion_coef": [
        [
            0.10532747615719677,
            -0.3010041903479171,
            -0.007180897918649494,
            0.0020673152952719242,
            0.2134448243184216
        ]
    ],
    "rms_error": 0.16590828429046298,
    "image_size": {
        "width": 640,
        "height": 480
    },
    "valid_images": 36,
    "square_size": 23.9
}