{
    "intrinsic_matrix": [
        [
            686.0266200881607,
            0.0,
            269.3911720264377
        ],
        [
            0.0,
            796.9626582952807,
            253.96834674428868
        ],
        [
            0.0,
            0.0,
            1.0
        ]
    ],
    "distortion_coef": [
        [
            0.14071273470898524,
            -0.5543792627783832,
            0.0001747113303131253,
            0.0023246412409189277,
            0.8539271946110698
        ]
    ],
    "rms_error": 0.16739408731962893,
    "image_size": {
        "width": 640,
        "height": 480
    },
    "valid_images": 34,
    "square_size": 23.9
}