{
    "intrinsic_matrix": [
        [
            694.5463763620006,
            0.0,
            322.1382717258052
        ],
        [
            0.0,
            856.7290123202815,
            237.96228637794107
        ],
        [
            0.0,
            0.0,
            1.0
        ]
    ],
    "distortion_coef": [
        [
            0.3252386170486525,
            -1.1865502141823383,
            -0.004642189935854712,
            0.04163623545320055,
            -8.334005009295943
        ]
    ],
    "rms_error": 0.16550651002339212,
    "image_size": {
        "width": 640,
        "height": 480
    },
    "valid_images": 15,
    "square_size": 23.9
}