{
    "intrinsic_matrix": [
        [
            675.4723819659612,
            0.0,
            300.20022550466444
        ],
        [
            0.0,
            785.891116096017,
            245.4103007670269
        ],
        [
            0.0,
            0.0,
            1.0
        ]
    ],
    "distortion_coef": [
        [
            0.059290668244038114,
            -0.3208222772263011,
            -0.005783903858752178,
            0.014668853990262107,
            0.35653786142721744
        ]
    ],
    "rms_error": 0.1328595927363664,
    "image_size": {
        "width": 640,
        "height": 480
    },
    "valid_images": 31,
    "square_size": 23.9
}