{
    "world_matrix": [
        [
            0.7037379139863992,
            0.5671564417202231,
            0.4278861052118037,
            0.0
        ],
        [
            -0.5671564417202231,
            0.08574955949637622,
            0.8191340449898493,
            0.0
        ],
        [
            -0.42788610521180387,
            0.8191340449898494,
            -0.38201164550997724,
            -0.34856304706109364
        ],
        [
            0.0,
            0.0,
            0.0,
            1.0
        ]
    ],
    "camera_poses": [
        {
            "R": [
                [
                    1.0,
                    0.0,
                    0.0
                ],
                [
                    0.0,
                    1.0,
                    0.0
                ],
                [
                    0.0,
                    0.0,
                    1.0
                ]
            ],
            "t": [
                [
                    0.0
                ],
                [
                    0.0
                ],
                [
                    0.0
                ]
            ]
        },
        {
            "R": [
                [
                    -0.6300853240004097,
                    -0.5969105975844312,
                    0.4966791952263511
                ],
                [
                    0.5634737497753711,
                    0.08865253983206273,
                    0.8213635373544451
                ],
                [
                    -0.5343124720548651,
                    0.7973947991257038,
                    0.28048478841801255
                ]
            ],
            "t": [
                [
                    -1.110293512341152
                ],
                [
                    -1.102370697291428
                ],
                [
                    1.2458038217176728
                ]
            ]
        },
        {
            "R": [
                [
                    -0.9674082147213232,
                    -0.21034968579891808,
                    -0.14097643694603315
                ],
                [
                    -0.18967632460649878,
                    0.23311183886935294,
                    0.9537723850388621
                ],
                [
                    -0.1677624450628701,
                    0.9494271326769873,
                    -0.26541266315547585
                ]
            ],
            "t": [
                [
                    -3.2344520901212466
                ],
                [
                    -4.136567350020921
                ],
                [
                    8.091469216139059
                ]
            ]
        },
        {
            "R": [
                [
                    0.8737085268883541,
                    -0.08509965792023627,
                    -0.47894828349670565
                ],
                [
                    -0.01420393039749062,
                    0.9796962376328398,
                    -0.19998382516924118
                ],
                [
                    0.486242386473912,
                    0.18153052137290066,
                    0.854760206962302
                ]
            ],
            "t": [
                [
                    4.55097065538028
                ],
                [
                    0.6335427459150063
                ],
                [
                    4.088340502883165
                ]
            ]
        }
    ]
}