{"intrinsic_matrix": [[375.3776744112953, 0.0, 362.46377233314007], [0.0, 454.30141743159214, 261.7046920395092], [0.0, 0.0, 1.0]], "distortion_coef": [[-0.026842136067829734, -0.21879194470139457, -0.001001206466461436, 0.05846772023597393, 0.3313460858024168]]}