{
    "intrinsic_matrix": [
        [
            707.8653724548315,
            0.0,
            298.58842838422106
        ],
        [
            0.0,
            707.8164481012037,
            238.60052766705138
        ],
        [
            0.0,
            0.0,
            1.0
        ]
    ],
    "distortion_coef": [
        [
            0.04182085287890527,
            -0.03802883429495612,
            0.0020617678233647613,
            -0.0015633196688678967,
            -0.2532462635848481
        ]
    ],
    "rms_error": 0.13260158014239518,
    "image_size": {
        "width": 640,
        "height": 480
    },
    "valid_images": 35,
    "square_size": 23.9
}